"Title","Media URL","Pinterest board","Thumbnail","Description","Link","Publish date","Keywords"
"Consonant Digraphs Worksheet | Homeschool Phonics","https://www.mylearna.com/pinterest/word-builders/ee-u001-consonant-digraphs.png","Homeschool Phonics & CVC Worksheets","","Support homeschool phonics with the MyLearna consonant digraphs worksheet. A practical Word Builders resource for sound, spelling and early reading practice.","https://www.mylearna.com/word-builders/ee-u001-consonant-digraphs?utm_source=pinterest&utm_medium=organic&utm_campaign=word_builders&utm_content=ee-u001","2026-09-15T00:30:00.000Z","homeschool phonics worksheet, CVC words, early reading, short vowels, homeschool English, printable worksheet"
"Greek Root bio Worksheet | Vocabulary & Morphology","https://www.mylearna.com/pinterest/word-builders/r-u001-greek-root-bio.png","Greek & Latin Root Word Worksheets","","Help learners explore bio and connect meaningful word parts with vocabulary. This MyLearna Word Builders worksheet supports homeschool morphology and word study.","https://www.mylearna.com/word-builders/r-u001-greek-root-bio?utm_source=pinterest&utm_medium=organic&utm_campaign=word_builders&utm_content=r-u001","2026-09-15T04:00:00.000Z","Greek roots, Latin roots, root words, morphology, vocabulary worksheet, homeschool English, word study"
"Prefix re- Worksheet | Homeschool Word Study","https://www.mylearna.com/pinterest/word-builders/e-u002-prefix-re.png","Prefixes, Suffixes & Spelling Worksheets","","Explore prefix re- with this printable MyLearna Word Builders worksheet. A homeschool-friendly resource for spelling, morphology and vocabulary practice.","https://www.mylearna.com/word-builders/e-u002-prefix-re?utm_source=pinterest&utm_medium=organic&utm_campaign=word_builders&utm_content=e-u002","2026-09-15T08:00:00.000Z","prefix worksheet, suffix worksheet, morphology, spelling, word study, homeschool English, vocabulary"
"Initial Consonant Blends Worksheet | Homeschool Phonics","https://www.mylearna.com/pinterest/word-builders/ee-u003-initial-consonant-blends.png","Homeschool Phonics & CVC Worksheets","","Support homeschool phonics with the MyLearna initial consonant blends worksheet. A practical Word Builders resource for sound, spelling and early reading practice.","https://www.mylearna.com/word-builders/ee-u003-initial-consonant-blends?utm_source=pinterest&utm_medium=organic&utm_campaign=word_builders&utm_content=ee-u003","2026-09-15T12:00:00.000Z","homeschool phonics worksheet, CVC words, early reading, short vowels, homeschool English, printable worksheet"
"Greek Root geo Worksheet | Vocabulary & Morphology","https://www.mylearna.com/pinterest/word-builders/r-u002-greek-root-geo.png","Greek & Latin Root Word Worksheets","","Help learners explore geo and connect meaningful word parts with vocabulary. This MyLearna Word Builders worksheet supports homeschool morphology and word study.","https://www.mylearna.com/word-builders/r-u002-greek-root-geo?utm_source=pinterest&utm_medium=organic&utm_campaign=word_builders&utm_content=r-u002","2026-09-15T16:00:00.000Z","Greek roots, Latin roots, root words, morphology, vocabulary worksheet, homeschool English, word study"
"Prefix Pre Worksheet | Homeschool Word Study","https://www.mylearna.com/pinterest/word-builders/e-u003-prefix-pre.png","Prefixes, Suffixes & Spelling Worksheets","","Explore prefix pre with this printable MyLearna Word Builders worksheet. A homeschool-friendly resource for spelling, morphology and vocabulary practice.","https://www.mylearna.com/word-builders/e-u003-prefix-pre?utm_source=pinterest&utm_medium=organic&utm_campaign=word_builders&utm_content=e-u003","2026-09-16T00:30:00.000Z","prefix worksheet, suffix worksheet, morphology, spelling, word study, homeschool English, vocabulary"
"Final Consonant Blends Worksheet | Homeschool Phonics","https://www.mylearna.com/pinterest/word-builders/ee-u004-final-consonant-blends.png","Homeschool Phonics & CVC Worksheets","","Support homeschool phonics with the MyLearna final consonant blends worksheet. A practical Word Builders resource for sound, spelling and early reading practice.","https://www.mylearna.com/word-builders/ee-u004-final-consonant-blends?utm_source=pinterest&utm_medium=organic&utm_campaign=word_builders&utm_content=ee-u004","2026-09-16T04:00:00.000Z","homeschool phonics worksheet, CVC words, early reading, short vowels, homeschool English, printable worksheet"
"Greek Roots graph / gram Worksheet | Vocabulary & Morphology","https://www.mylearna.com/pinterest/word-builders/r-u003-greek-roots-graph-gram.png","Greek & Latin Root Word Worksheets","","Help learners explore graph / gram and connect meaningful word parts with vocabulary. This MyLearna Word Builders worksheet supports homeschool morphology and word study.","https://www.mylearna.com/word-builders/r-u003-greek-roots-graph-gram?utm_source=pinterest&utm_medium=organic&utm_campaign=word_builders&utm_content=r-u003","2026-09-16T08:00:00.000Z","Greek roots, Latin roots, root words, morphology, vocabulary worksheet, homeschool English, word study"
"Prefix Mis Worksheet | Homeschool Word Study","https://www.mylearna.com/pinterest/word-builders/e-u004-prefix-mis.png","Prefixes, Suffixes & Spelling Worksheets","","Explore prefix mis with this printable MyLearna Word Builders worksheet. A homeschool-friendly resource for spelling, morphology and vocabulary practice.","https://www.mylearna.com/word-builders/e-u004-prefix-mis?utm_source=pinterest&utm_medium=organic&utm_campaign=word_builders&utm_content=e-u004","2026-09-16T12:00:00.000Z","prefix worksheet, suffix worksheet, morphology, spelling, word study, homeschool English, vocabulary"
"Long Vowels Silent E Worksheet | Homeschool Phonics","https://www.mylearna.com/pinterest/word-builders/ee-u005-long-vowels-silent-e.png","Homeschool Phonics & CVC Worksheets","","Support homeschool phonics with the MyLearna long vowels silent e worksheet. A practical Word Builders resource for sound, spelling and early reading practice.","https://www.mylearna.com/word-builders/ee-u005-long-vowels-silent-e?utm_source=pinterest&utm_medium=organic&utm_campaign=word_builders&utm_content=ee-u005","2026-09-16T16:00:00.000Z","homeschool phonics worksheet, CVC words, early reading, short vowels, homeschool English, printable worksheet"
"Greek Root phon Worksheet | Vocabulary & Morphology","https://www.mylearna.com/pinterest/word-builders/r-u004-greek-root-phon.png","Greek & Latin Root Word Worksheets","","Help learners explore phon and connect meaningful word parts with vocabulary. This MyLearna Word Builders worksheet supports homeschool morphology and word study.","https://www.mylearna.com/word-builders/r-u004-greek-root-phon?utm_source=pinterest&utm_medium=organic&utm_campaign=word_builders&utm_content=r-u004","2026-09-17T00:30:00.000Z","Greek roots, Latin roots, root words, morphology, vocabulary worksheet, homeschool English, word study"
"Prefix Dis Worksheet | Homeschool Word Study","https://www.mylearna.com/pinterest/word-builders/e-u005-prefix-dis.png","Prefixes, Suffixes & Spelling Worksheets","","Explore prefix dis with this printable MyLearna Word Builders worksheet. A homeschool-friendly resource for spelling, morphology and vocabulary practice.","https://www.mylearna.com/word-builders/e-u005-prefix-dis?utm_source=pinterest&utm_medium=organic&utm_campaign=word_builders&utm_content=e-u005","2026-09-17T04:00:00.000Z","prefix worksheet, suffix worksheet, morphology, spelling, word study, homeschool English, vocabulary"
"Common Vowel Teams Worksheet | Homeschool Phonics","https://www.mylearna.com/pinterest/word-builders/ee-u006-common-vowel-teams.png","Homeschool Phonics & CVC Worksheets","","Support homeschool phonics with the MyLearna common vowel teams worksheet. A practical Word Builders resource for sound, spelling and early reading practice.","https://www.mylearna.com/word-builders/ee-u006-common-vowel-teams?utm_source=pinterest&utm_medium=organic&utm_campaign=word_builders&utm_content=ee-u006","2026-09-17T08:00:00.000Z","homeschool phonics worksheet, CVC words, early reading, short vowels, homeschool English, printable worksheet"
"Greek Root tele Worksheet | Vocabulary & Morphology","https://www.mylearna.com/pinterest/word-builders/r-u005-greek-root-tele.png","Greek & Latin Root Word Worksheets","","Help learners explore tele and connect meaningful word parts with vocabulary. This MyLearna Word Builders worksheet supports homeschool morphology and word study.","https://www.mylearna.com/word-builders/r-u005-greek-root-tele?utm_source=pinterest&utm_medium=organic&utm_campaign=word_builders&utm_content=r-u005","2026-09-17T12:00:00.000Z","Greek roots, Latin roots, root words, morphology, vocabulary worksheet, homeschool English, word study"
"Prefix Sub Worksheet | Homeschool Word Study","https://www.mylearna.com/pinterest/word-builders/e-u006-prefix-sub.png","Prefixes, Suffixes & Spelling Worksheets","","Explore prefix sub with this printable MyLearna Word Builders worksheet. A homeschool-friendly resource for spelling, morphology and vocabulary practice.","https://www.mylearna.com/word-builders/e-u006-prefix-sub?utm_source=pinterest&utm_medium=organic&utm_campaign=word_builders&utm_content=e-u006","2026-09-17T16:00:00.000Z","prefix worksheet, suffix worksheet, morphology, spelling, word study, homeschool English, vocabulary"
"Other Vowel Spellings Worksheet | Homeschool Phonics","https://www.mylearna.com/pinterest/word-builders/ee-u007-other-vowel-spellings.png","Homeschool Phonics & CVC Worksheets","","Support homeschool phonics with the MyLearna other vowel spellings worksheet. A practical Word Builders resource for sound, spelling and early reading practice.","https://www.mylearna.com/word-builders/ee-u007-other-vowel-spellings?utm_source=pinterest&utm_medium=organic&utm_campaign=word_builders&utm_content=ee-u007","2026-09-18T00:30:00.000Z","homeschool phonics worksheet, CVC words, early reading, short vowels, homeschool English, printable worksheet"
"Greek Root chron Worksheet | Vocabulary & Morphology","https://www.mylearna.com/pinterest/word-builders/r-u006-greek-root-chron.png","Greek & Latin Root Word Worksheets","","Help learners explore chron and connect meaningful word parts with vocabulary. This MyLearna Word Builders worksheet supports homeschool morphology and word study.","https://www.mylearna.com/word-builders/r-u006-greek-root-chron?utm_source=pinterest&utm_medium=organic&utm_campaign=word_builders&utm_content=r-u006","2026-09-18T04:00:00.000Z","Greek roots, Latin roots, root words, morphology, vocabulary worksheet, homeschool English, word study"
"Prefix Over Under Worksheet | Homeschool Word Study","https://www.mylearna.com/pinterest/word-builders/e-u007-prefix-over-under.png","Prefixes, Suffixes & Spelling Worksheets","","Explore prefix over under with this printable MyLearna Word Builders worksheet. A homeschool-friendly resource for spelling, morphology and vocabulary practice.","https://www.mylearna.com/word-builders/e-u007-prefix-over-under?utm_source=pinterest&utm_medium=organic&utm_campaign=word_builders&utm_content=e-u007","2026-09-18T08:00:00.000Z","prefix worksheet, suffix worksheet, morphology, spelling, word study, homeschool English, vocabulary"
"Two-Syllable Word Building Worksheet | Homeschool Phonics","https://www.mylearna.com/pinterest/word-builders/ee-u008-two-syllable-word-building.png","Homeschool Phonics & CVC Worksheets","","Support homeschool phonics with the MyLearna two-syllable word building worksheet. A practical Word Builders resource for sound, spelling and early reading practice.","https://www.mylearna.com/word-builders/ee-u008-two-syllable-word-building?utm_source=pinterest&utm_medium=organic&utm_campaign=word_builders&utm_content=ee-u008","2026-09-18T12:00:00.000Z","homeschool phonics worksheet, CVC words, early reading, short vowels, homeschool English, printable worksheet"
"Greek Root morph Worksheet | Vocabulary & Morphology","https://www.mylearna.com/pinterest/word-builders/r-u007-greek-root-morph.png","Greek & Latin Root Word Worksheets","","Help learners explore morph and connect meaningful word parts with vocabulary. This MyLearna Word Builders worksheet supports homeschool morphology and word study.","https://www.mylearna.com/word-builders/r-u007-greek-root-morph?utm_source=pinterest&utm_medium=organic&utm_campaign=word_builders&utm_content=r-u007","2026-09-18T16:00:00.000Z","Greek roots, Latin roots, root words, morphology, vocabulary worksheet, homeschool English, word study"
"Suffixes Ful Less Worksheet | Homeschool Word Study","https://www.mylearna.com/pinterest/word-builders/e-u008-suffixes-ful-less.png","Prefixes, Suffixes & Spelling Worksheets","","Explore suffixes ful less with this printable MyLearna Word Builders worksheet. A homeschool-friendly resource for spelling, morphology and vocabulary practice.","https://www.mylearna.com/word-builders/e-u008-suffixes-ful-less?utm_source=pinterest&utm_medium=organic&utm_campaign=word_builders&utm_content=e-u008","2026-09-19T00:30:00.000Z","prefix worksheet, suffix worksheet, morphology, spelling, word study, homeschool English, vocabulary"
"Plurals S ES Worksheet | Homeschool Phonics","https://www.mylearna.com/pinterest/word-builders/ee-u009-plurals-s-es.png","Homeschool Phonics & CVC Worksheets","","Support homeschool phonics with the MyLearna plurals s es worksheet. A practical Word Builders resource for sound, spelling and early reading practice.","https://www.mylearna.com/word-builders/ee-u009-plurals-s-es?utm_source=pinterest&utm_medium=organic&utm_campaign=word_builders&utm_content=ee-u009","2026-09-19T04:00:00.000Z","homeschool phonics worksheet, CVC words, early reading, short vowels, homeschool English, printable worksheet"
"Greek Root micro Worksheet | Vocabulary & Morphology","https://www.mylearna.com/pinterest/word-builders/r-u008-greek-root-micro.png","Greek & Latin Root Word Worksheets","","Help learners explore micro and connect meaningful word parts with vocabulary. This MyLearna Word Builders worksheet supports homeschool morphology and word study.","https://www.mylearna.com/word-builders/r-u008-greek-root-micro?utm_source=pinterest&utm_medium=organic&utm_campaign=word_builders&utm_content=r-u008","2026-09-19T08:00:00.000Z","Greek roots, Latin roots, root words, morphology, vocabulary worksheet, homeschool English, word study"
"Suffix Ness Worksheet | Homeschool Word Study","https://www.mylearna.com/pinterest/word-builders/e-u009-suffix-ness.png","Prefixes, Suffixes & Spelling Worksheets","","Explore suffix ness with this printable MyLearna Word Builders worksheet. A homeschool-friendly resource for spelling, morphology and vocabulary practice.","https://www.mylearna.com/word-builders/e-u009-suffix-ness?utm_source=pinterest&utm_medium=organic&utm_campaign=word_builders&utm_content=e-u009","2026-09-19T12:00:00.000Z","prefix worksheet, suffix worksheet, morphology, spelling, word study, homeschool English, vocabulary"
"ED ING Worksheet | Homeschool Phonics","https://www.mylearna.com/pinterest/word-builders/ee-u010-ed-ing.png","Homeschool Phonics & CVC Worksheets","","Support homeschool phonics with the MyLearna ed ing worksheet. A practical Word Builders resource for sound, spelling and early reading practice.","https://www.mylearna.com/word-builders/ee-u010-ed-ing?utm_source=pinterest&utm_medium=organic&utm_campaign=word_builders&utm_content=ee-u010","2026-09-19T16:00:00.000Z","homeschool phonics worksheet, CVC words, early reading, short vowels, homeschool English, printable worksheet"
"Greek Root macro Worksheet | Vocabulary & Morphology","https://www.mylearna.com/pinterest/word-builders/r-u009-greek-root-macro.png","Greek & Latin Root Word Worksheets","","Help learners explore macro and connect meaningful word parts with vocabulary. This MyLearna Word Builders worksheet supports homeschool morphology and word study.","https://www.mylearna.com/word-builders/r-u009-greek-root-macro?utm_source=pinterest&utm_medium=organic&utm_campaign=word_builders&utm_content=r-u009","2026-09-20T00:30:00.000Z","Greek roots, Latin roots, root words, morphology, vocabulary worksheet, homeschool English, word study"
"Suffix Ment Worksheet | Homeschool Word Study","https://www.mylearna.com/pinterest/word-builders/e-u010-suffix-ment.png","Prefixes, Suffixes & Spelling Worksheets","","Explore suffix ment with this printable MyLearna Word Builders worksheet. A homeschool-friendly resource for spelling, morphology and vocabulary practice.","https://www.mylearna.com/word-builders/e-u010-suffix-ment?utm_source=pinterest&utm_medium=organic&utm_campaign=word_builders&utm_content=e-u010","2026-09-20T04:00:00.000Z","prefix worksheet, suffix worksheet, morphology, spelling, word study, homeschool English, vocabulary"
"ER EST Worksheet | Homeschool Phonics","https://www.mylearna.com/pinterest/word-builders/ee-u011-er-est.png","Homeschool Phonics & CVC Worksheets","","Support homeschool phonics with the MyLearna er est worksheet. A practical Word Builders resource for sound, spelling and early reading practice.","https://www.mylearna.com/word-builders/ee-u011-er-est?utm_source=pinterest&utm_medium=organic&utm_campaign=word_builders&utm_content=ee-u011","2026-09-20T08:00:00.000Z","homeschool phonics worksheet, CVC words, early reading, short vowels, homeschool English, printable worksheet"
"Greek Roots photo / phot Worksheet | Vocabulary & Morphology","https://www.mylearna.com/pinterest/word-builders/r-u010-greek-roots-photo-phot.png","Greek & Latin Root Word Worksheets","","Help learners explore photo / phot and connect meaningful word parts with vocabulary. This MyLearna Word Builders worksheet supports homeschool morphology and word study.","https://www.mylearna.com/word-builders/r-u010-greek-roots-photo-phot?utm_source=pinterest&utm_medium=organic&utm_campaign=word_builders&utm_content=r-u010","2026-09-20T12:00:00.000Z","Greek roots, Latin roots, root words, morphology, vocabulary worksheet, homeschool English, word study"
"Suffix Ly Worksheet | Homeschool Word Study","https://www.mylearna.com/pinterest/word-builders/e-u011-suffix-ly.png","Prefixes, Suffixes & Spelling Worksheets","","Explore suffix ly with this printable MyLearna Word Builders worksheet. A homeschool-friendly resource for spelling, morphology and vocabulary practice.","https://www.mylearna.com/word-builders/e-u011-suffix-ly?utm_source=pinterest&utm_medium=organic&utm_campaign=word_builders&utm_content=e-u011","2026-09-20T16:00:00.000Z","prefix worksheet, suffix worksheet, morphology, spelling, word study, homeschool English, vocabulary"
"Compound Words and Base Words Worksheet | Homeschool Phonics","https://www.mylearna.com/pinterest/word-builders/ee-u012-compound-words-and-base-words.png","Homeschool Phonics & CVC Worksheets","","Support homeschool phonics with the MyLearna compound words and base words worksheet. A practical Word Builders resource for sound, spelling and early reading practice.","https://www.mylearna.com/word-builders/ee-u012-compound-words-and-base-words?utm_source=pinterest&utm_medium=organic&utm_campaign=word_builders&utm_content=ee-u012","2026-09-21T00:30:00.000Z","homeschool phonics worksheet, CVC words, early reading, short vowels, homeschool English, printable worksheet"
"Greek Root therm Worksheet | Vocabulary & Morphology","https://www.mylearna.com/pinterest/word-builders/r-u011-greek-root-therm.png","Greek & Latin Root Word Worksheets","","Help learners explore therm and connect meaningful word parts with vocabulary. This MyLearna Word Builders worksheet supports homeschool morphology and word study.","https://www.mylearna.com/word-builders/r-u011-greek-root-therm?utm_source=pinterest&utm_medium=organic&utm_campaign=word_builders&utm_content=r-u011","2026-09-21T04:00:00.000Z","Greek roots, Latin roots, root words, morphology, vocabulary worksheet, homeschool English, word study"
"Suffix Able Worksheet | Homeschool Word Study","https://www.mylearna.com/pinterest/word-builders/e-u012-suffix-able.png","Prefixes, Suffixes & Spelling Worksheets","","Explore suffix able with this printable MyLearna Word Builders worksheet. A homeschool-friendly resource for spelling, morphology and vocabulary practice.","https://www.mylearna.com/word-builders/e-u012-suffix-able?utm_source=pinterest&utm_medium=organic&utm_campaign=word_builders&utm_content=e-u012","2026-09-21T08:00:00.000Z","prefix worksheet, suffix worksheet, morphology, spelling, word study, homeschool English, vocabulary"
"Beginning Sounds Worksheet | Homeschool Phonics","https://www.mylearna.com/pinterest/word-builders/kf-u001-beginning-sounds.png","Homeschool Phonics & CVC Worksheets","","Support homeschool phonics with the MyLearna beginning sounds worksheet. A practical Word Builders resource for sound, spelling and early reading practice.","https://www.mylearna.com/word-builders/kf-u001-beginning-sounds?utm_source=pinterest&utm_medium=organic&utm_campaign=word_builders&utm_content=kf-u001","2026-09-21T12:00:00.000Z","homeschool phonics worksheet, CVC words, early reading, short vowels, homeschool English, printable worksheet"
"Greek Root hydro Worksheet | Vocabulary & Morphology","https://www.mylearna.com/pinterest/word-builders/r-u012-greek-root-hydro.png","Greek & Latin Root Word Worksheets","","Help learners explore hydro and connect meaningful word parts with vocabulary. This MyLearna Word Builders worksheet supports homeschool morphology and word study.","https://www.mylearna.com/word-builders/r-u012-greek-root-hydro?utm_source=pinterest&utm_medium=organic&utm_campaign=word_builders&utm_content=r-u012","2026-09-21T16:00:00.000Z","Greek roots, Latin roots, root words, morphology, vocabulary worksheet, homeschool English, word study"
"Prefix Contra Counter Worksheet | Homeschool Word Study","https://www.mylearna.com/pinterest/word-builders/hsf-u001-prefix-contra-counter.png","Prefixes, Suffixes & Spelling Worksheets","","Explore prefix contra counter with this printable MyLearna Word Builders worksheet. A homeschool-friendly resource for spelling, morphology and vocabulary practice.","https://www.mylearna.com/word-builders/hsf-u001-prefix-contra-counter?utm_source=pinterest&utm_medium=organic&utm_campaign=word_builders&utm_content=hsf-u001","2026-09-22T00:30:00.000Z","prefix worksheet, suffix worksheet, morphology, spelling, word study, homeschool English, vocabulary"
"Ending Sounds Worksheet | Homeschool Phonics","https://www.mylearna.com/pinterest/word-builders/kf-u002-ending-sounds.png","Homeschool Phonics & CVC Worksheets","","Support homeschool phonics with the MyLearna ending sounds worksheet. A practical Word Builders resource for sound, spelling and early reading practice.","https://www.mylearna.com/word-builders/kf-u002-ending-sounds?utm_source=pinterest&utm_medium=organic&utm_campaign=word_builders&utm_content=kf-u002","2026-09-22T04:00:00.000Z","homeschool phonics worksheet, CVC words, early reading, short vowels, homeschool English, printable worksheet"
"Greek Roots astro / astr Worksheet | Vocabulary & Morphology","https://www.mylearna.com/pinterest/word-builders/r-u013-greek-roots-astro-astr.png","Greek & Latin Root Word Worksheets","","Help learners explore astro / astr and connect meaningful word parts with vocabulary. This MyLearna Word Builders worksheet supports homeschool morphology and word study.","https://www.mylearna.com/word-builders/r-u013-greek-roots-astro-astr?utm_source=pinterest&utm_medium=organic&utm_campaign=word_builders&utm_content=r-u013","2026-09-22T08:00:00.000Z","Greek roots, Latin roots, root words, morphology, vocabulary worksheet, homeschool English, word study"
"Prefix Multi Worksheet | Homeschool Word Study","https://www.mylearna.com/pinterest/word-builders/hsf-u002-prefix-multi.png","Prefixes, Suffixes & Spelling Worksheets","","Explore prefix multi with this printable MyLearna Word Builders worksheet. A homeschool-friendly resource for spelling, morphology and vocabulary practice.","https://www.mylearna.com/word-builders/hsf-u002-prefix-multi?utm_source=pinterest&utm_medium=organic&utm_campaign=word_builders&utm_content=hsf-u002","2026-09-22T12:00:00.000Z","prefix worksheet, suffix worksheet, morphology, spelling, word study, homeschool English, vocabulary"
"Segment and Blend Worksheet | Homeschool Phonics","https://www.mylearna.com/pinterest/word-builders/kf-u003-segment-and-blend.png","Homeschool Phonics & CVC Worksheets","","Support homeschool phonics with the MyLearna segment and blend worksheet. A practical Word Builders resource for sound, spelling and early reading practice.","https://www.mylearna.com/word-builders/kf-u003-segment-and-blend?utm_source=pinterest&utm_medium=organic&utm_campaign=word_builders&utm_content=kf-u003","2026-09-22T16:00:00.000Z","homeschool phonics worksheet, CVC words, early reading, short vowels, homeschool English, printable worksheet"
"Greek Root auto Worksheet | Vocabulary & Morphology","https://www.mylearna.com/pinterest/word-builders/r-u016-greek-root-auto.png","Greek & Latin Root Word Worksheets","","Help learners explore auto and connect meaningful word parts with vocabulary. This MyLearna Word Builders worksheet supports homeschool morphology and word study.","https://www.mylearna.com/word-builders/r-u016-greek-root-auto?utm_source=pinterest&utm_medium=organic&utm_campaign=word_builders&utm_content=r-u016","2026-09-23T00:30:00.000Z","Greek roots, Latin roots, root words, morphology, vocabulary worksheet, homeschool English, word study"
"Prefix Super Worksheet | Homeschool Word Study","https://www.mylearna.com/pinterest/word-builders/hsf-u003-prefix-super.png","Prefixes, Suffixes & Spelling Worksheets","","Explore prefix super with this printable MyLearna Word Builders worksheet. A homeschool-friendly resource for spelling, morphology and vocabulary practice.","https://www.mylearna.com/word-builders/hsf-u003-prefix-super?utm_source=pinterest&utm_medium=organic&utm_campaign=word_builders&utm_content=hsf-u003","2026-09-23T04:00:00.000Z","prefix worksheet, suffix worksheet, morphology, spelling, word study, homeschool English, vocabulary"
"Consonant Sounds Worksheet | Homeschool Phonics","https://www.mylearna.com/pinterest/word-builders/kf-u004-consonant-sounds.png","Homeschool Phonics & CVC Worksheets","","Support homeschool phonics with the MyLearna consonant sounds worksheet. A practical Word Builders resource for sound, spelling and early reading practice.","https://www.mylearna.com/word-builders/kf-u004-consonant-sounds?utm_source=pinterest&utm_medium=organic&utm_campaign=word_builders&utm_content=kf-u004","2026-09-23T08:00:00.000Z","homeschool phonics worksheet, CVC words, early reading, short vowels, homeschool English, printable worksheet"
"Greek Root psych Worksheet | Vocabulary & Morphology","https://www.mylearna.com/pinterest/word-builders/r-u018-greek-root-psych.png","Greek & Latin Root Word Worksheets","","Help learners explore psych and connect meaningful word parts with vocabulary. This MyLearna Word Builders worksheet supports homeschool morphology and word study.","https://www.mylearna.com/word-builders/r-u018-greek-root-psych?utm_source=pinterest&utm_medium=organic&utm_campaign=word_builders&utm_content=r-u018","2026-09-23T12:00:00.000Z","Greek roots, Latin roots, root words, morphology, vocabulary worksheet, homeschool English, word study"
"Prefix Semi Worksheet | Homeschool Word Study","https://www.mylearna.com/pinterest/word-builders/hsf-u004-prefix-semi.png","Prefixes, Suffixes & Spelling Worksheets","","Explore prefix semi with this printable MyLearna Word Builders worksheet. A homeschool-friendly resource for spelling, morphology and vocabulary practice.","https://www.mylearna.com/word-builders/hsf-u004-prefix-semi?utm_source=pinterest&utm_medium=organic&utm_campaign=word_builders&utm_content=hsf-u004","2026-09-23T16:00:00.000Z","prefix worksheet, suffix worksheet, morphology, spelling, word study, homeschool English, vocabulary"
"Short Vowel A Worksheet | Homeschool Phonics","https://www.mylearna.com/pinterest/word-builders/kf-u005-short-vowel-a.png","Homeschool Phonics & CVC Worksheets","","Support homeschool phonics with the MyLearna short vowel a worksheet. A practical Word Builders resource for sound, spelling and early reading practice.","https://www.mylearna.com/word-builders/kf-u005-short-vowel-a?utm_source=pinterest&utm_medium=organic&utm_campaign=word_builders&utm_content=kf-u005","2026-09-24T00:30:00.000Z","homeschool phonics worksheet, CVC words, early reading, short vowels, homeschool English, printable worksheet"
"Greek Root path Worksheet | Vocabulary & Morphology","https://www.mylearna.com/pinterest/word-builders/r-u020-greek-root-path.png","Greek & Latin Root Word Worksheets","","Help learners explore path and connect meaningful word parts with vocabulary. This MyLearna Word Builders worksheet supports homeschool morphology and word study.","https://www.mylearna.com/word-builders/r-u020-greek-root-path?utm_source=pinterest&utm_medium=organic&utm_campaign=word_builders&utm_content=r-u020","2026-09-24T04:00:00.000Z","Greek roots, Latin roots, root words, morphology, vocabulary worksheet, homeschool English, word study"
"Suffix Ary Worksheet | Homeschool Word Study","https://www.mylearna.com/pinterest/word-builders/hsf-u005-suffix-ary.png","Prefixes, Suffixes & Spelling Worksheets","","Explore suffix ary with this printable MyLearna Word Builders worksheet. A homeschool-friendly resource for spelling, morphology and vocabulary practice.","https://www.mylearna.com/word-builders/hsf-u005-suffix-ary?utm_source=pinterest&utm_medium=organic&utm_campaign=word_builders&utm_content=hsf-u005","2026-09-24T08:00:00.000Z","prefix worksheet, suffix worksheet, morphology, spelling, word study, homeschool English, vocabulary"
"Short Vowel I Worksheet | Homeschool Phonics","https://www.mylearna.com/pinterest/word-builders/kf-u006-short-vowel-i.png","Homeschool Phonics & CVC Worksheets","","Support homeschool phonics with the MyLearna short vowel i worksheet. A practical Word Builders resource for sound, spelling and early reading practice.","https://www.mylearna.com/word-builders/kf-u006-short-vowel-i?utm_source=pinterest&utm_medium=organic&utm_campaign=word_builders&utm_content=kf-u006","2026-09-24T12:00:00.000Z","homeschool phonics worksheet, CVC words, early reading, short vowels, homeschool English, printable worksheet"
"Greek Root gen Worksheet | Vocabulary & Morphology","https://www.mylearna.com/pinterest/word-builders/r-u021-greek-root-gen.png","Greek & Latin Root Word Worksheets","","Help learners explore gen and connect meaningful word parts with vocabulary. This MyLearna Word Builders worksheet supports homeschool morphology and word study.","https://www.mylearna.com/word-builders/r-u021-greek-root-gen?utm_source=pinterest&utm_medium=organic&utm_campaign=word_builders&utm_content=r-u021","2026-09-24T16:00:00.000Z","Greek roots, Latin roots, root words, morphology, vocabulary worksheet, homeschool English, word study"
"Suffix Ative Worksheet | Homeschool Word Study","https://www.mylearna.com/pinterest/word-builders/hsf-u006-suffix-ative.png","Prefixes, Suffixes & Spelling Worksheets","","Explore suffix ative with this printable MyLearna Word Builders worksheet. A homeschool-friendly resource for spelling, morphology and vocabulary practice.","https://www.mylearna.com/word-builders/hsf-u006-suffix-ative?utm_source=pinterest&utm_medium=organic&utm_campaign=word_builders&utm_content=hsf-u006","2026-09-25T00:30:00.000Z","prefix worksheet, suffix worksheet, morphology, spelling, word study, homeschool English, vocabulary"
"Short Vowel O Worksheet | Homeschool Phonics","https://www.mylearna.com/pinterest/word-builders/kf-u007-short-vowel-o.png","Homeschool Phonics & CVC Worksheets","","Support homeschool phonics with the MyLearna short vowel o worksheet. A practical Word Builders resource for sound, spelling and early reading practice.","https://www.mylearna.com/word-builders/kf-u007-short-vowel-o?utm_source=pinterest&utm_medium=organic&utm_campaign=word_builders&utm_content=kf-u007","2026-09-25T04:00:00.000Z","homeschool phonics worksheet, CVC words, early reading, short vowels, homeschool English, printable worksheet"
"Greek Root poly Worksheet | Vocabulary & Morphology","https://www.mylearna.com/pinterest/word-builders/r-u023-greek-root-poly.png","Greek & Latin Root Word Worksheets","","Help learners explore poly and connect meaningful word parts with vocabulary. This MyLearna Word Builders worksheet supports homeschool morphology and word study.","https://www.mylearna.com/word-builders/r-u023-greek-root-poly?utm_source=pinterest&utm_medium=organic&utm_campaign=word_builders&utm_content=r-u023","2026-09-25T08:00:00.000Z","Greek roots, Latin roots, root words, morphology, vocabulary worksheet, homeschool English, word study"
"Suffix Ous Worksheet | Homeschool Word Study","https://www.mylearna.com/pinterest/word-builders/hsf-u007-suffix-ous.png","Prefixes, Suffixes & Spelling Worksheets","","Explore suffix ous with this printable MyLearna Word Builders worksheet. A homeschool-friendly resource for spelling, morphology and vocabulary practice.","https://www.mylearna.com/word-builders/hsf-u007-suffix-ous?utm_source=pinterest&utm_medium=organic&utm_campaign=word_builders&utm_content=hsf-u007","2026-09-25T12:00:00.000Z","prefix worksheet, suffix worksheet, morphology, spelling, word study, homeschool English, vocabulary"
"Short Vowel U Worksheet | Homeschool Phonics","https://www.mylearna.com/pinterest/word-builders/kf-u008-short-vowel-u.png","Homeschool Phonics & CVC Worksheets","","Support homeschool phonics with the MyLearna short vowel u worksheet. A practical Word Builders resource for sound, spelling and early reading practice.","https://www.mylearna.com/word-builders/kf-u008-short-vowel-u?utm_source=pinterest&utm_medium=organic&utm_campaign=word_builders&utm_content=kf-u008","2026-09-25T16:00:00.000Z","homeschool phonics worksheet, CVC words, early reading, short vowels, homeschool English, printable worksheet"
"Greek Root mono Worksheet | Vocabulary & Morphology","https://www.mylearna.com/pinterest/word-builders/r-u024-greek-root-mono.png","Greek & Latin Root Word Worksheets","","Help learners explore mono and connect meaningful word parts with vocabulary. This MyLearna Word Builders worksheet supports homeschool morphology and word study.","https://www.mylearna.com/word-builders/r-u024-greek-root-mono?utm_source=pinterest&utm_medium=organic&utm_campaign=word_builders&utm_content=r-u024","2026-09-26T00:30:00.000Z","Greek roots, Latin roots, root words, morphology, vocabulary worksheet, homeschool English, word study"
"Suffix Ate Worksheet | Homeschool Word Study","https://www.mylearna.com/pinterest/word-builders/hsf-u008-suffix-ate.png","Prefixes, Suffixes & Spelling Worksheets","","Explore suffix ate with this printable MyLearna Word Builders worksheet. A homeschool-friendly resource for spelling, morphology and vocabulary practice.","https://www.mylearna.com/word-builders/hsf-u008-suffix-ate?utm_source=pinterest&utm_medium=organic&utm_campaign=word_builders&utm_content=hsf-u008","2026-09-26T04:00:00.000Z","prefix worksheet, suffix worksheet, morphology, spelling, word study, homeschool English, vocabulary"
"Short Vowel E Worksheet | Homeschool Phonics","https://www.mylearna.com/pinterest/word-builders/kf-u009-short-vowel-e.png","Homeschool Phonics & CVC Worksheets","","Support homeschool phonics with the MyLearna short vowel e worksheet. A practical Word Builders resource for sound, spelling and early reading practice.","https://www.mylearna.com/word-builders/kf-u009-short-vowel-e?utm_source=pinterest&utm_medium=organic&utm_campaign=word_builders&utm_content=kf-u009","2026-09-26T08:00:00.000Z","homeschool phonics worksheet, CVC words, early reading, short vowels, homeschool English, printable worksheet"
"Greek Roots techn / techno Worksheet | Vocabulary & Morphology","https://www.mylearna.com/pinterest/word-builders/r-u025-greek-roots-techn-techno.png","Greek & Latin Root Word Worksheets","","Help learners explore techn / techno and connect meaningful word parts with vocabulary. This MyLearna Word Builders worksheet supports homeschool morphology and word study.","https://www.mylearna.com/word-builders/r-u025-greek-roots-techn-techno?utm_source=pinterest&utm_medium=organic&utm_campaign=word_builders&utm_content=r-u025","2026-09-26T12:00:00.000Z","Greek roots, Latin roots, root words, morphology, vocabulary worksheet, homeschool English, word study"
"Multiple Affixes Worksheet | Homeschool Word Study","https://www.mylearna.com/pinterest/word-builders/hsf-u009-multiple-affixes.png","Prefixes, Suffixes & Spelling Worksheets","","Explore multiple affixes with this printable MyLearna Word Builders worksheet. A homeschool-friendly resource for spelling, morphology and vocabulary practice.","https://www.mylearna.com/word-builders/hsf-u009-multiple-affixes?utm_source=pinterest&utm_medium=organic&utm_campaign=word_builders&utm_content=hsf-u009","2026-09-26T16:00:00.000Z","prefix worksheet, suffix worksheet, morphology, spelling, word study, homeschool English, vocabulary"
"CVC Word Practice Worksheet | Homeschool Phonics","https://www.mylearna.com/pinterest/word-builders/kf-u010-cvc-word-practice.png","Homeschool Phonics & CVC Worksheets","","Support homeschool phonics with the MyLearna cvc word practice worksheet. A practical Word Builders resource for sound, spelling and early reading practice.","https://www.mylearna.com/word-builders/kf-u010-cvc-word-practice?utm_source=pinterest&utm_medium=organic&utm_campaign=word_builders&utm_content=kf-u010","2026-09-27T00:30:00.000Z","homeschool phonics worksheet, CVC words, early reading, short vowels, homeschool English, printable worksheet"
"Latin Root port Worksheet | Vocabulary & Morphology","https://www.mylearna.com/pinterest/word-builders/r-u026-latin-root-port.png","Greek & Latin Root Word Worksheets","","Help learners explore port and connect meaningful word parts with vocabulary. This MyLearna Word Builders worksheet supports homeschool morphology and word study.","https://www.mylearna.com/word-builders/r-u026-latin-root-port?utm_source=pinterest&utm_medium=organic&utm_campaign=word_builders&utm_content=r-u026","2026-09-27T04:00:00.000Z","Greek roots, Latin roots, root words, morphology, vocabulary worksheet, homeschool English, word study"
"Unlock Academic Vocabulary Worksheet | Homeschool Word Study","https://www.mylearna.com/pinterest/word-builders/hsf-u010-unlock-academic-vocabulary.png","Prefixes, Suffixes & Spelling Worksheets","","Explore unlock academic vocabulary with this printable MyLearna Word Builders worksheet. A homeschool-friendly resource for spelling, morphology and vocabulary practice.","https://www.mylearna.com/word-builders/hsf-u010-unlock-academic-vocabulary?utm_source=pinterest&utm_medium=organic&utm_campaign=word_builders&utm_content=hsf-u010","2026-09-27T08:00:00.000Z","prefix worksheet, suffix worksheet, morphology, spelling, word study, homeschool English, vocabulary"
"CVC Word Write Worksheet | Homeschool Phonics","https://www.mylearna.com/pinterest/word-builders/kf-u012-cvc-word-write.png","Homeschool Phonics & CVC Worksheets","","Support homeschool phonics with the MyLearna cvc word write worksheet. A practical Word Builders resource for sound, spelling and early reading practice.","https://www.mylearna.com/word-builders/kf-u012-cvc-word-write?utm_source=pinterest&utm_medium=organic&utm_campaign=word_builders&utm_content=kf-u012","2026-09-27T12:00:00.000Z","homeschool phonics worksheet, CVC words, early reading, short vowels, homeschool English, printable worksheet"
"Latin Root struct Worksheet | Vocabulary & Morphology","https://www.mylearna.com/pinterest/word-builders/r-u027-latin-root-struct.png","Greek & Latin Root Word Worksheets","","Help learners explore struct and connect meaningful word parts with vocabulary. This MyLearna Word Builders worksheet supports homeschool morphology and word study.","https://www.mylearna.com/word-builders/r-u027-latin-root-struct?utm_source=pinterest&utm_medium=organic&utm_campaign=word_builders&utm_content=r-u027","2026-09-27T16:00:00.000Z","Greek roots, Latin roots, root words, morphology, vocabulary worksheet, homeschool English, word study"
"Suffix Ance Ence Worksheet | Homeschool Word Study","https://www.mylearna.com/pinterest/word-builders/ms-u007-suffix-ance-ence.png","Prefixes, Suffixes & Spelling Worksheets","","Explore suffix ance ence with this printable MyLearna Word Builders worksheet. A homeschool-friendly resource for spelling, morphology and vocabulary practice.","https://www.mylearna.com/word-builders/ms-u007-suffix-ance-ence?utm_source=pinterest&utm_medium=organic&utm_campaign=word_builders&utm_content=ms-u007","2026-09-28T00:30:00.000Z","prefix worksheet, suffix worksheet, morphology, spelling, word study, homeschool English, vocabulary"
"CVC Word Read and Colour Worksheet | Homeschool Phonics","https://www.mylearna.com/pinterest/word-builders/kf-u013-cvc-word-read-and-colour.png","Homeschool Phonics & CVC Worksheets","","Support homeschool phonics with the MyLearna cvc word read and colour worksheet. A practical Word Builders resource for sound, spelling and early reading practice.","https://www.mylearna.com/word-builders/kf-u013-cvc-word-read-and-colour?utm_source=pinterest&utm_medium=organic&utm_campaign=word_builders&utm_content=kf-u013","2026-09-28T04:00:00.000Z","homeschool phonics worksheet, CVC words, early reading, short vowels, homeschool English, printable worksheet"
"Latin Root spect Worksheet | Vocabulary & Morphology","https://www.mylearna.com/pinterest/word-builders/r-u028-latin-root-spect.png","Greek & Latin Root Word Worksheets","","Help learners explore spect and connect meaningful word parts with vocabulary. This MyLearna Word Builders worksheet supports homeschool morphology and word study.","https://www.mylearna.com/word-builders/r-u028-latin-root-spect?utm_source=pinterest&utm_medium=organic&utm_campaign=word_builders&utm_content=r-u028","2026-09-28T08:00:00.000Z","Greek roots, Latin roots, root words, morphology, vocabulary worksheet, homeschool English, word study"
"Suffix Ant Ent Worksheet | Homeschool Word Study","https://www.mylearna.com/pinterest/word-builders/ms-u008-suffix-ant-ent.png","Prefixes, Suffixes & Spelling Worksheets","","Explore suffix ant ent with this printable MyLearna Word Builders worksheet. A homeschool-friendly resource for spelling, morphology and vocabulary practice.","https://www.mylearna.com/word-builders/ms-u008-suffix-ant-ent?utm_source=pinterest&utm_medium=organic&utm_campaign=word_builders&utm_content=ms-u008","2026-09-28T12:00:00.000Z","prefix worksheet, suffix worksheet, morphology, spelling, word study, homeschool English, vocabulary"
"CVC Word Sentences Worksheet | Homeschool Phonics","https://www.mylearna.com/pinterest/word-builders/kf-u014-cvc-word-sentences.png","Homeschool Phonics & CVC Worksheets","","Support homeschool phonics with the MyLearna cvc word sentences worksheet. A practical Word Builders resource for sound, spelling and early reading practice.","https://www.mylearna.com/word-builders/kf-u014-cvc-word-sentences?utm_source=pinterest&utm_medium=organic&utm_campaign=word_builders&utm_content=kf-u014","2026-09-28T16:00:00.000Z","homeschool phonics worksheet, CVC words, early reading, short vowels, homeschool English, printable worksheet"
"Latin Roots scrib / script Worksheet | Vocabulary & Morphology","https://www.mylearna.com/pinterest/word-builders/r-u029-latin-roots-scrib-script.png","Greek & Latin Root Word Worksheets","","Help learners explore scrib / script and connect meaningful word parts with vocabulary. This MyLearna Word Builders worksheet supports homeschool morphology and word study.","https://www.mylearna.com/word-builders/r-u029-latin-roots-scrib-script?utm_source=pinterest&utm_medium=organic&utm_campaign=word_builders&utm_content=r-u029","2026-09-29T00:30:00.000Z","Greek roots, Latin roots, root words, morphology, vocabulary worksheet, homeschool English, word study"
"Suffix Able Ible Worksheet | Homeschool Word Study","https://www.mylearna.com/pinterest/word-builders/ms-u009-suffix-able-ible.png","Prefixes, Suffixes & Spelling Worksheets","","Explore suffix able ible with this printable MyLearna Word Builders worksheet. A homeschool-friendly resource for spelling, morphology and vocabulary practice.","https://www.mylearna.com/word-builders/ms-u009-suffix-able-ible?utm_source=pinterest&utm_medium=organic&utm_campaign=word_builders&utm_content=ms-u009","2026-09-29T04:00:00.000Z","prefix worksheet, suffix worksheet, morphology, spelling, word study, homeschool English, vocabulary"
"CVC Word Sounds Worksheet | Homeschool Phonics","https://www.mylearna.com/pinterest/word-builders/kf-u017-cvc-word-sounds.png","Homeschool Phonics & CVC Worksheets","","Support homeschool phonics with the MyLearna cvc word sounds worksheet. A practical Word Builders resource for sound, spelling and early reading practice.","https://www.mylearna.com/word-builders/kf-u017-cvc-word-sounds?utm_source=pinterest&utm_medium=organic&utm_campaign=word_builders&utm_content=kf-u017","2026-09-29T08:00:00.000Z","homeschool phonics worksheet, CVC words, early reading, short vowels, homeschool English, printable worksheet"
"Latin Root tract Worksheet | Vocabulary & Morphology","https://www.mylearna.com/pinterest/word-builders/r-u030-latin-root-tract.png","Greek & Latin Root Word Worksheets","","Help learners explore tract and connect meaningful word parts with vocabulary. This MyLearna Word Builders worksheet supports homeschool morphology and word study.","https://www.mylearna.com/word-builders/r-u030-latin-root-tract?utm_source=pinterest&utm_medium=organic&utm_campaign=word_builders&utm_content=r-u030","2026-09-29T12:00:00.000Z","Greek roots, Latin roots, root words, morphology, vocabulary worksheet, homeschool English, word study"
"Prefix Ex E Worksheet | Homeschool Word Study","https://www.mylearna.com/pinterest/word-builders/ms-u011-prefix-ex-e.png","Prefixes, Suffixes & Spelling Worksheets","","Explore prefix ex e with this printable MyLearna Word Builders worksheet. A homeschool-friendly resource for spelling, morphology and vocabulary practice.","https://www.mylearna.com/word-builders/ms-u011-prefix-ex-e?utm_source=pinterest&utm_medium=organic&utm_campaign=word_builders&utm_content=ms-u011","2026-09-29T16:00:00.000Z","prefix worksheet, suffix worksheet, morphology, spelling, word study, homeschool English, vocabulary"
"CVC Word Match and Sort Worksheet | Homeschool Phonics","https://www.mylearna.com/pinterest/word-builders/kf-u018-cvc-word-match-and-sort.png","Homeschool Phonics & CVC Worksheets","","Support homeschool phonics with the MyLearna cvc word match and sort worksheet. A practical Word Builders resource for sound, spelling and early reading practice.","https://www.mylearna.com/word-builders/kf-u018-cvc-word-match-and-sort?utm_source=pinterest&utm_medium=organic&utm_campaign=word_builders&utm_content=kf-u018","2026-09-30T00:30:00.000Z","homeschool phonics worksheet, CVC words, early reading, short vowels, homeschool English, printable worksheet"
"Latin Root ject Worksheet | Vocabulary & Morphology","https://www.mylearna.com/pinterest/word-builders/r-u031-latin-root-ject.png","Greek & Latin Root Word Worksheets","","Help learners explore ject and connect meaningful word parts with vocabulary. This MyLearna Word Builders worksheet supports homeschool morphology and word study.","https://www.mylearna.com/word-builders/r-u031-latin-root-ject?utm_source=pinterest&utm_medium=organic&utm_campaign=word_builders&utm_content=r-u031","2026-09-30T04:00:00.000Z","Greek roots, Latin roots, root words, morphology, vocabulary worksheet, homeschool English, word study"
"Prefix Ob Worksheet | Homeschool Word Study","https://www.mylearna.com/pinterest/word-builders/ms-u012-prefix-ob.png","Prefixes, Suffixes & Spelling Worksheets","","Explore prefix ob with this printable MyLearna Word Builders worksheet. A homeschool-friendly resource for spelling, morphology and vocabulary practice.","https://www.mylearna.com/word-builders/ms-u012-prefix-ob?utm_source=pinterest&utm_medium=organic&utm_campaign=word_builders&utm_content=ms-u012","2026-09-30T08:00:00.000Z","prefix worksheet, suffix worksheet, morphology, spelling, word study, homeschool English, vocabulary"
"CVC Word Build and Write Worksheet | Homeschool Phonics","https://www.mylearna.com/pinterest/word-builders/kf-u019-cvc-word-build-and-write.png","Homeschool Phonics & CVC Worksheets","","Support homeschool phonics with the MyLearna cvc word build and write worksheet. A practical Word Builders resource for sound, spelling and early reading practice.","https://www.mylearna.com/word-builders/kf-u019-cvc-word-build-and-write?utm_source=pinterest&utm_medium=organic&utm_campaign=word_builders&utm_content=kf-u019","2026-09-30T12:00:00.000Z","homeschool phonics worksheet, CVC words, early reading, short vowels, homeschool English, printable worksheet"
"Latin Root dict Worksheet | Vocabulary & Morphology","https://www.mylearna.com/pinterest/word-builders/r-u032-latin-root-dict.png","Greek & Latin Root Word Worksheets","","Help learners explore dict and connect meaningful word parts with vocabulary. This MyLearna Word Builders worksheet supports homeschool morphology and word study.","https://www.mylearna.com/word-builders/r-u032-latin-root-dict?utm_source=pinterest&utm_medium=organic&utm_campaign=word_builders&utm_content=r-u032","2026-09-30T16:00:00.000Z","Greek roots, Latin roots, root words, morphology, vocabulary worksheet, homeschool English, word study"
"Prefix Per Worksheet | Homeschool Word Study","https://www.mylearna.com/pinterest/word-builders/ms-u013-prefix-per.png","Prefixes, Suffixes & Spelling Worksheets","","Explore prefix per with this printable MyLearna Word Builders worksheet. A homeschool-friendly resource for spelling, morphology and vocabulary practice.","https://www.mylearna.com/word-builders/ms-u013-prefix-per?utm_source=pinterest&utm_medium=organic&utm_campaign=word_builders&utm_content=ms-u013","2026-10-01T00:30:00.000Z","prefix worksheet, suffix worksheet, morphology, spelling, word study, homeschool English, vocabulary"
"CVC Word Read and Find Worksheet | Homeschool Phonics","https://www.mylearna.com/pinterest/word-builders/kf-u020-cvc-word-read-and-find.png","Homeschool Phonics & CVC Worksheets","","Support homeschool phonics with the MyLearna cvc word read and find worksheet. A practical Word Builders resource for sound, spelling and early reading practice.","https://www.mylearna.com/word-builders/kf-u020-cvc-word-read-and-find?utm_source=pinterest&utm_medium=organic&utm_campaign=word_builders&utm_content=kf-u020","2026-10-01T04:00:00.000Z","homeschool phonics worksheet, CVC words, early reading, short vowels, homeschool English, printable worksheet"
"Latin Root rupt Worksheet | Vocabulary & Morphology","https://www.mylearna.com/pinterest/word-builders/r-u033-latin-root-rupt.png","Greek & Latin Root Word Worksheets","","Help learners explore rupt and connect meaningful word parts with vocabulary. This MyLearna Word Builders worksheet supports homeschool morphology and word study.","https://www.mylearna.com/word-builders/r-u033-latin-root-rupt?utm_source=pinterest&utm_medium=organic&utm_campaign=word_builders&utm_content=r-u033","2026-10-01T08:00:00.000Z","Greek roots, Latin roots, root words, morphology, vocabulary worksheet, homeschool English, word study"
"Prefix Pro Worksheet | Homeschool Word Study","https://www.mylearna.com/pinterest/word-builders/ms-u014-prefix-pro.png","Prefixes, Suffixes & Spelling Worksheets","","Explore prefix pro with this printable MyLearna Word Builders worksheet. A homeschool-friendly resource for spelling, morphology and vocabulary practice.","https://www.mylearna.com/word-builders/ms-u014-prefix-pro?utm_source=pinterest&utm_medium=organic&utm_campaign=word_builders&utm_content=ms-u014","2026-10-01T12:00:00.000Z","prefix worksheet, suffix worksheet, morphology, spelling, word study, homeschool English, vocabulary"
"CVC Word Fluency Worksheet | Homeschool Phonics","https://www.mylearna.com/pinterest/word-builders/kf-u021-cvc-word-fluency.png","Homeschool Phonics & CVC Worksheets","","Support homeschool phonics with the MyLearna cvc word fluency worksheet. A practical Word Builders resource for sound, spelling and early reading practice.","https://www.mylearna.com/word-builders/kf-u021-cvc-word-fluency?utm_source=pinterest&utm_medium=organic&utm_campaign=word_builders&utm_content=kf-u021","2026-10-01T16:00:00.000Z","homeschool phonics worksheet, CVC words, early reading, short vowels, homeschool English, printable worksheet"
"Latin Roots mit / miss Worksheet | Vocabulary & Morphology","https://www.mylearna.com/pinterest/word-builders/r-u034-latin-roots-mit-miss.png","Greek & Latin Root Word Worksheets","","Help learners explore mit / miss and connect meaningful word parts with vocabulary. This MyLearna Word Builders worksheet supports homeschool morphology and word study.","https://www.mylearna.com/word-builders/r-u034-latin-roots-mit-miss?utm_source=pinterest&utm_medium=organic&utm_campaign=word_builders&utm_content=r-u034","2026-10-02T00:30:00.000Z","Greek roots, Latin roots, root words, morphology, vocabulary worksheet, homeschool English, word study"
"Latin Roots duc / duct Worksheet | Vocabulary & Morphology","https://www.mylearna.com/pinterest/word-builders/r-u035-latin-roots-duc-duct.png","Greek & Latin Root Word Worksheets","","Help learners explore duc / duct and connect meaningful word parts with vocabulary. This MyLearna Word Builders worksheet supports homeschool morphology and word study.","https://www.mylearna.com/word-builders/r-u035-latin-roots-duc-duct?utm_source=pinterest&utm_medium=organic&utm_campaign=word_builders&utm_content=r-u035","2026-10-02T04:00:00.000Z","Greek roots, Latin roots, root words, morphology, vocabulary worksheet, homeschool English, word study"
"Latin Root fer Worksheet | Vocabulary & Morphology","https://www.mylearna.com/pinterest/word-builders/r-u036-latin-root-fer.png","Greek & Latin Root Word Worksheets","","Help learners explore fer and connect meaningful word parts with vocabulary. This MyLearna Word Builders worksheet supports homeschool morphology and word study.","https://www.mylearna.com/word-builders/r-u036-latin-root-fer?utm_source=pinterest&utm_medium=organic&utm_campaign=word_builders&utm_content=r-u036","2026-10-02T08:00:00.000Z","Greek roots, Latin roots, root words, morphology, vocabulary worksheet, homeschool English, word study"
"Latin Roots pend / pens Worksheet | Vocabulary & Morphology","https://www.mylearna.com/pinterest/word-builders/r-u037-latin-roots-pend-pens.png","Greek & Latin Root Word Worksheets","","Help learners explore pend / pens and connect meaningful word parts with vocabulary. This MyLearna Word Builders worksheet supports homeschool morphology and word study.","https://www.mylearna.com/word-builders/r-u037-latin-roots-pend-pens?utm_source=pinterest&utm_medium=organic&utm_campaign=word_builders&utm_content=r-u037","2026-10-02T12:00:00.000Z","Greek roots, Latin roots, root words, morphology, vocabulary worksheet, homeschool English, word study"
"Latin Root cred Worksheet | Vocabulary & Morphology","https://www.mylearna.com/pinterest/word-builders/r-u038-latin-root-cred.png","Greek & Latin Root Word Worksheets","","Help learners explore cred and connect meaningful word parts with vocabulary. This MyLearna Word Builders worksheet supports homeschool morphology and word study.","https://www.mylearna.com/word-builders/r-u038-latin-root-cred?utm_source=pinterest&utm_medium=organic&utm_campaign=word_builders&utm_content=r-u038","2026-10-02T16:00:00.000Z","Greek roots, Latin roots, root words, morphology, vocabulary worksheet, homeschool English, word study"
"Latin Roots vid / vis Worksheet | Vocabulary & Morphology","https://www.mylearna.com/pinterest/word-builders/r-u039-latin-roots-vid-vis.png","Greek & Latin Root Word Worksheets","","Help learners explore vid / vis and connect meaningful word parts with vocabulary. This MyLearna Word Builders worksheet supports homeschool morphology and word study.","https://www.mylearna.com/word-builders/r-u039-latin-roots-vid-vis?utm_source=pinterest&utm_medium=organic&utm_campaign=word_builders&utm_content=r-u039","2026-10-03T00:30:00.000Z","Greek roots, Latin roots, root words, morphology, vocabulary worksheet, homeschool English, word study"
"Latin Root aud Worksheet | Vocabulary & Morphology","https://www.mylearna.com/pinterest/word-builders/r-u041-latin-root-aud.png","Greek & Latin Root Word Worksheets","","Help learners explore aud and connect meaningful word parts with vocabulary. This MyLearna Word Builders worksheet supports homeschool morphology and word study.","https://www.mylearna.com/word-builders/r-u041-latin-root-aud?utm_source=pinterest&utm_medium=organic&utm_campaign=word_builders&utm_content=r-u041","2026-10-03T04:00:00.000Z","Greek roots, Latin roots, root words, morphology, vocabulary worksheet, homeschool English, word study"
"Latin Roots cap / cept / cip Worksheet | Vocabulary & Morphology","https://www.mylearna.com/pinterest/word-builders/r-u042-latin-roots-cap-cept-cip.png","Greek & Latin Root Word Worksheets","","Help learners explore cap / cept / cip and connect meaningful word parts with vocabulary. This MyLearna Word Builders worksheet supports homeschool morphology and word study.","https://www.mylearna.com/word-builders/r-u042-latin-roots-cap-cept-cip?utm_source=pinterest&utm_medium=organic&utm_campaign=word_builders&utm_content=r-u042","2026-10-03T08:00:00.000Z","Greek roots, Latin roots, root words, morphology, vocabulary worksheet, homeschool English, word study"
"Latin Roots fac / fect / fic Worksheet | Vocabulary & Morphology","https://www.mylearna.com/pinterest/word-builders/r-u043-latin-roots-fac-fect-fic.png","Greek & Latin Root Word Worksheets","","Help learners explore fac / fect / fic and connect meaningful word parts with vocabulary. This MyLearna Word Builders worksheet supports homeschool morphology and word study.","https://www.mylearna.com/word-builders/r-u043-latin-roots-fac-fect-fic?utm_source=pinterest&utm_medium=organic&utm_campaign=word_builders&utm_content=r-u043","2026-10-03T12:00:00.000Z","Greek roots, Latin roots, root words, morphology, vocabulary worksheet, homeschool English, word study"
"Latin Roots grad / gress Worksheet | Vocabulary & Morphology","https://www.mylearna.com/pinterest/word-builders/r-u044-latin-roots-grad-gress.png","Greek & Latin Root Word Worksheets","","Help learners explore grad / gress and connect meaningful word parts with vocabulary. This MyLearna Word Builders worksheet supports homeschool morphology and word study.","https://www.mylearna.com/word-builders/r-u044-latin-roots-grad-gress?utm_source=pinterest&utm_medium=organic&utm_campaign=word_builders&utm_content=r-u044","2026-10-03T16:00:00.000Z","Greek roots, Latin roots, root words, morphology, vocabulary worksheet, homeschool English, word study"
"Latin Roots pos / pon Worksheet | Vocabulary & Morphology","https://www.mylearna.com/pinterest/word-builders/r-u045-latin-roots-pos-pon.png","Greek & Latin Root Word Worksheets","","Help learners explore pos / pon and connect meaningful word parts with vocabulary. This MyLearna Word Builders worksheet supports homeschool morphology and word study.","https://www.mylearna.com/word-builders/r-u045-latin-roots-pos-pon?utm_source=pinterest&utm_medium=organic&utm_campaign=word_builders&utm_content=r-u045","2026-10-04T00:30:00.000Z","Greek roots, Latin roots, root words, morphology, vocabulary worksheet, homeschool English, word study"
"Latin Roots ten / tain Worksheet | Vocabulary & Morphology","https://www.mylearna.com/pinterest/word-builders/r-u046-latin-roots-ten-tain.png","Greek & Latin Root Word Worksheets","","Help learners explore ten / tain and connect meaningful word parts with vocabulary. This MyLearna Word Builders worksheet supports homeschool morphology and word study.","https://www.mylearna.com/word-builders/r-u046-latin-roots-ten-tain?utm_source=pinterest&utm_medium=organic&utm_campaign=word_builders&utm_content=r-u046","2026-10-04T04:00:00.000Z","Greek roots, Latin roots, root words, morphology, vocabulary worksheet, homeschool English, word study"
"Latin Roots ven / vent Worksheet | Vocabulary & Morphology","https://www.mylearna.com/pinterest/word-builders/r-u047-latin-roots-ven-vent.png","Greek & Latin Root Word Worksheets","","Help learners explore ven / vent and connect meaningful word parts with vocabulary. This MyLearna Word Builders worksheet supports homeschool morphology and word study.","https://www.mylearna.com/word-builders/r-u047-latin-roots-ven-vent?utm_source=pinterest&utm_medium=organic&utm_campaign=word_builders&utm_content=r-u047","2026-10-04T08:00:00.000Z","Greek roots, Latin roots, root words, morphology, vocabulary worksheet, homeschool English, word study"
"Latin Roots ced / ceed / cess Worksheet | Vocabulary & Morphology","https://www.mylearna.com/pinterest/word-builders/r-u048-latin-roots-ced-ceed-cess.png","Greek & Latin Root Word Worksheets","","Help learners explore ced / ceed / cess and connect meaningful word parts with vocabulary. This MyLearna Word Builders worksheet supports homeschool morphology and word study.","https://www.mylearna.com/word-builders/r-u048-latin-roots-ced-ceed-cess?utm_source=pinterest&utm_medium=organic&utm_campaign=word_builders&utm_content=r-u048","2026-10-04T12:00:00.000Z","Greek roots, Latin roots, root words, morphology, vocabulary worksheet, homeschool English, word study"
"Latin Root form Worksheet | Vocabulary & Morphology","https://www.mylearna.com/pinterest/word-builders/r-u049-latin-root-form.png","Greek & Latin Root Word Worksheets","","Help learners explore form and connect meaningful word parts with vocabulary. This MyLearna Word Builders worksheet supports homeschool morphology and word study.","https://www.mylearna.com/word-builders/r-u049-latin-root-form?utm_source=pinterest&utm_medium=organic&utm_campaign=word_builders&utm_content=r-u049","2026-10-04T16:00:00.000Z","Greek roots, Latin roots, root words, morphology, vocabulary worksheet, homeschool English, word study"
"Latin Root terr Worksheet | Vocabulary & Morphology","https://www.mylearna.com/pinterest/word-builders/r-u050-latin-root-terr.png","Greek & Latin Root Word Worksheets","","Help learners explore terr and connect meaningful word parts with vocabulary. This MyLearna Word Builders worksheet supports homeschool morphology and word study.","https://www.mylearna.com/word-builders/r-u050-latin-root-terr?utm_source=pinterest&utm_medium=organic&utm_campaign=word_builders&utm_content=r-u050","2026-10-05T00:30:00.000Z","Greek roots, Latin roots, root words, morphology, vocabulary worksheet, homeschool English, word study"
"Latin Roots aqu / aqua Worksheet | Vocabulary & Morphology","https://www.mylearna.com/pinterest/word-builders/r-u051-latin-roots-aqu-aqua.png","Greek & Latin Root Word Worksheets","","Help learners explore aqu / aqua and connect meaningful word parts with vocabulary. This MyLearna Word Builders worksheet supports homeschool morphology and word study.","https://www.mylearna.com/word-builders/r-u051-latin-roots-aqu-aqua?utm_source=pinterest&utm_medium=organic&utm_campaign=word_builders&utm_content=r-u051","2026-10-05T04:00:00.000Z","Greek roots, Latin roots, root words, morphology, vocabulary worksheet, homeschool English, word study"
"Latin Root ped Worksheet | Vocabulary & Morphology","https://www.mylearna.com/pinterest/word-builders/r-u052-latin-root-ped.png","Greek & Latin Root Word Worksheets","","Help learners explore ped and connect meaningful word parts with vocabulary. This MyLearna Word Builders worksheet supports homeschool morphology and word study.","https://www.mylearna.com/word-builders/r-u052-latin-root-ped?utm_source=pinterest&utm_medium=organic&utm_campaign=word_builders&utm_content=r-u052","2026-10-05T08:00:00.000Z","Greek roots, Latin roots, root words, morphology, vocabulary worksheet, homeschool English, word study"
"Latin Roots man / manu Worksheet | Vocabulary & Morphology","https://www.mylearna.com/pinterest/word-builders/r-u053-latin-roots-man-manu.png","Greek & Latin Root Word Worksheets","","Help learners explore man / manu and connect meaningful word parts with vocabulary. This MyLearna Word Builders worksheet supports homeschool morphology and word study.","https://www.mylearna.com/word-builders/r-u053-latin-roots-man-manu?utm_source=pinterest&utm_medium=organic&utm_campaign=word_builders&utm_content=r-u053","2026-10-05T12:00:00.000Z","Greek roots, Latin roots, root words, morphology, vocabulary worksheet, homeschool English, word study"
"Latin Root mar Worksheet | Vocabulary & Morphology","https://www.mylearna.com/pinterest/word-builders/r-u054-latin-root-mar.png","Greek & Latin Root Word Worksheets","","Help learners explore mar and connect meaningful word parts with vocabulary. This MyLearna Word Builders worksheet supports homeschool morphology and word study.","https://www.mylearna.com/word-builders/r-u054-latin-root-mar?utm_source=pinterest&utm_medium=organic&utm_campaign=word_builders&utm_content=r-u054","2026-10-05T16:00:00.000Z","Greek roots, Latin roots, root words, morphology, vocabulary worksheet, homeschool English, word study"
"Latin Root loc Worksheet | Vocabulary & Morphology","https://www.mylearna.com/pinterest/word-builders/r-u055-latin-root-loc.png","Greek & Latin Root Word Worksheets","","Help learners explore loc and connect meaningful word parts with vocabulary. This MyLearna Word Builders worksheet supports homeschool morphology and word study.","https://www.mylearna.com/word-builders/r-u055-latin-root-loc?utm_source=pinterest&utm_medium=organic&utm_campaign=word_builders&utm_content=r-u055","2026-10-06T00:30:00.000Z","Greek roots, Latin roots, root words, morphology, vocabulary worksheet, homeschool English, word study"
"Latin Roots mov / mot Worksheet | Vocabulary & Morphology","https://www.mylearna.com/pinterest/word-builders/r-u056-latin-roots-mov-mot.png","Greek & Latin Root Word Worksheets","","Help learners explore mov / mot and connect meaningful word parts with vocabulary. This MyLearna Word Builders worksheet supports homeschool morphology and word study.","https://www.mylearna.com/word-builders/r-u056-latin-roots-mov-mot?utm_source=pinterest&utm_medium=organic&utm_campaign=word_builders&utm_content=r-u056","2026-10-06T04:00:00.000Z","Greek roots, Latin roots, root words, morphology, vocabulary worksheet, homeschool English, word study"
"Latin Root nov Worksheet | Vocabulary & Morphology","https://www.mylearna.com/pinterest/word-builders/r-u057-latin-root-nov.png","Greek & Latin Root Word Worksheets","","Help learners explore nov and connect meaningful word parts with vocabulary. This MyLearna Word Builders worksheet supports homeschool morphology and word study.","https://www.mylearna.com/word-builders/r-u057-latin-root-nov?utm_source=pinterest&utm_medium=organic&utm_campaign=word_builders&utm_content=r-u057","2026-10-06T08:00:00.000Z","Greek roots, Latin roots, root words, morphology, vocabulary worksheet, homeschool English, word study"
"Latin Root mont Worksheet | Vocabulary & Morphology","https://www.mylearna.com/pinterest/word-builders/r-u058-latin-root-mont.png","Greek & Latin Root Word Worksheets","","Help learners explore mont and connect meaningful word parts with vocabulary. This MyLearna Word Builders worksheet supports homeschool morphology and word study.","https://www.mylearna.com/word-builders/r-u058-latin-root-mont?utm_source=pinterest&utm_medium=organic&utm_campaign=word_builders&utm_content=r-u058","2026-10-06T12:00:00.000Z","Greek roots, Latin roots, root words, morphology, vocabulary worksheet, homeschool English, word study"
"Latin Roots anim / anima Worksheet | Vocabulary & Morphology","https://www.mylearna.com/pinterest/word-builders/r-u059-latin-roots-anim-anima.png","Greek & Latin Root Word Worksheets","","Help learners explore anim / anima and connect meaningful word parts with vocabulary. This MyLearna Word Builders worksheet supports homeschool morphology and word study.","https://www.mylearna.com/word-builders/r-u059-latin-roots-anim-anima?utm_source=pinterest&utm_medium=organic&utm_campaign=word_builders&utm_content=r-u059","2026-10-06T16:00:00.000Z","Greek roots, Latin roots, root words, morphology, vocabulary worksheet, homeschool English, word study"
"Latin Root bene Worksheet | Vocabulary & Morphology","https://www.mylearna.com/pinterest/word-builders/r-u060-latin-root-bene.png","Greek & Latin Root Word Worksheets","","Help learners explore bene and connect meaningful word parts with vocabulary. This MyLearna Word Builders worksheet supports homeschool morphology and word study.","https://www.mylearna.com/word-builders/r-u060-latin-root-bene?utm_source=pinterest&utm_medium=organic&utm_campaign=word_builders&utm_content=r-u060","2026-10-07T00:30:00.000Z","Greek roots, Latin roots, root words, morphology, vocabulary worksheet, homeschool English, word study"
